record_id,pred_coarse_class,confidence,raw_top_class,second_best_class,second_best_confidence,selected_C,selected_policy,selected_threshold,prob_defect_broken,prob_defect_flashover,prob_insulator_ok
val_img1_pred1,defect_flashover,0.48259440842866597,defect_flashover,defect_broken,0.3475693208271223,1.0,second_best,0.38,0.3475693208271223,0.48259440842866597,0.16983627074421176
val_img1_pred2,defect_flashover,0.41561971294407163,defect_flashover,defect_broken,0.4096789756548006,1.0,second_best,0.38,0.4096789756548006,0.41561971294407163,0.17470131140112785
val_img1_pred3,insulator_ok,0.4062819340455206,insulator_ok,defect_broken,0.3461179475899572,1.0,second_best,0.38,0.3461179475899572,0.24760011836452234,0.4062819340455206
val_img1_pred4,defect_flashover,0.3936907635701669,defect_flashover,insulator_ok,0.3312291479292052,1.0,second_best,0.38,0.27508008850062793,0.3936907635701669,0.3312291479292052
val_img1_pred5,insulator_ok,0.3644568453948023,insulator_ok,defect_broken,0.3342244448230866,1.0,second_best,0.38,0.3342244448230866,0.30131870978211117,0.3644568453948023
val_img1_pred6,defect_flashover,0.459664142664037,defect_flashover,defect_broken,0.2919871569236487,1.0,second_best,0.38,0.2919871569236487,0.459664142664037,0.2483487004123144
val_img1_pred7,defect_flashover,0.47363074163660174,defect_flashover,defect_broken,0.2817707840477546,1.0,second_best,0.38,0.2817707840477546,0.47363074163660174,0.24459847431564377
val_img1_pred8,defect_flashover,0.41710343056457855,defect_flashover,defect_broken,0.4117311327837631,1.0,second_best,0.38,0.4117311327837631,0.41710343056457855,0.17116543665165837
val_img1_pred9,defect_flashover,0.42087768995497,defect_flashover,defect_broken,0.2935221018428275,1.0,second_best,0.38,0.2935221018428275,0.42087768995497,0.28560020820220244
val_img1_pred10,insulator_ok,0.3943625917673318,insulator_ok,defect_broken,0.3618301576563478,1.0,second_best,0.38,0.3618301576563478,0.2438072505763205,0.3943625917673318
val_img1_pred11,insulator_ok,0.4025592835816924,insulator_ok,defect_broken,0.3280955908474349,1.0,second_best,0.38,0.3280955908474349,0.26934512557087276,0.4025592835816924
val_img1_pred12,defect_flashover,0.4331318870227078,defect_flashover,insulator_ok,0.2850656616266795,1.0,second_best,0.38,0.28180245135061277,0.4331318870227078,0.2850656616266795
val_img1_pred13,defect_flashover,0.44861870672470083,defect_flashover,defect_broken,0.3818802953520516,1.0,second_best,0.38,0.3818802953520516,0.44861870672470083,0.16950099792324766
val_img1_pred14,defect_flashover,0.4297662142938536,defect_flashover,defect_broken,0.39788844566675863,1.0,second_best,0.38,0.39788844566675863,0.4297662142938536,0.17234534003938784
val_img1_pred15,defect_flashover,0.42932536754674044,defect_flashover,defect_broken,0.3847082853317583,1.0,second_best,0.38,0.3847082853317583,0.42932536754674044,0.1859663471215013
val_img1_pred16,insulator_ok,0.4063700623656452,insulator_ok,defect_broken,0.3158352102331515,1.0,second_best,0.38,0.3158352102331515,0.2777947274012033,0.4063700623656452
val_img1_pred17,defect_flashover,0.40039358767865924,defect_flashover,defect_broken,0.39592019995197986,1.0,second_best,0.38,0.39592019995197986,0.40039358767865924,0.203686212369361
val_img2_pred1,defect_broken,0.3980874584591916,defect_broken,insulator_ok,0.3341544341587457,1.0,second_best,0.38,0.3980874584591916,0.26775810738206285,0.3341544341587457
val_img2_pred2,defect_broken,0.435271258415101,defect_broken,insulator_ok,0.31645390632988246,1.0,second_best,0.38,0.435271258415101,0.2482748352550165,0.31645390632988246
val_img2_pred3,defect_broken,0.4753907390750211,defect_broken,insulator_ok,0.30177784851505224,1.0,second_best,0.38,0.4753907390750211,0.22283141240992654,0.30177784851505224
val_img2_pred4,defect_broken,0.40022000692904797,defect_broken,insulator_ok,0.3538077487988593,1.0,second_best,0.38,0.40022000692904797,0.24597224427209277,0.3538077487988593
val_img2_pred5,defect_broken,0.4441392535627557,defect_broken,insulator_ok,0.3130511101085672,1.0,second_best,0.38,0.4441392535627557,0.24280963632867705,0.3130511101085672
val_img2_pred6,insulator_ok,0.4927292113865293,insulator_ok,defect_broken,0.34698252320605205,1.0,second_best,0.38,0.34698252320605205,0.16028826540741867,0.4927292113865293
val_img2_pred7,insulator_ok,0.5370204396751909,insulator_ok,defect_broken,0.3726764138692959,1.0,second_best,0.38,0.3726764138692959,0.09030314645551316,0.5370204396751909
val_img2_pred8,insulator_ok,0.4719850287577799,insulator_ok,defect_broken,0.4312041124075376,1.0,second_best,0.38,0.4312041124075376,0.09681085883468246,0.4719850287577799
val_img2_pred9,insulator_ok,0.4403622933778743,insulator_ok,defect_broken,0.42166772096104405,1.0,second_best,0.38,0.42166772096104405,0.13796998566108165,0.4403622933778743
val_img2_pred10,defect_broken,0.44925493119989846,defect_broken,insulator_ok,0.35977948883716876,1.0,second_best,0.38,0.44925493119989846,0.19096557996293298,0.35977948883716876
val_img2_pred11,defect_broken,0.48531050667864023,defect_broken,insulator_ok,0.3406444136971691,1.0,second_best,0.38,0.48531050667864023,0.17404507962419064,0.3406444136971691
val_img2_pred12,insulator_ok,0.5238490472094807,insulator_ok,defect_broken,0.347860148350866,1.0,second_best,0.38,0.347860148350866,0.12829080443965338,0.5238490472094807
val_img2_pred13,insulator_ok,0.449046185336109,insulator_ok,defect_broken,0.4177494776283128,1.0,second_best,0.38,0.4177494776283128,0.13320433703557816,0.449046185336109
val_img2_pred14,defect_broken,0.4508783727295232,defect_broken,insulator_ok,0.3209607263098488,1.0,second_best,0.38,0.4508783727295232,0.22816090096062805,0.3209607263098488
val_img2_pred15,insulator_ok,0.49127720651880796,insulator_ok,defect_broken,0.36855826430199096,1.0,second_best,0.38,0.36855826430199096,0.14016452917920114,0.49127720651880796
val_img2_pred16,defect_broken,0.4516586566163783,defect_broken,insulator_ok,0.404203823542695,1.0,second_best,0.38,0.4516586566163783,0.14413751984092685,0.404203823542695
val_img2_pred17,defect_broken,0.4826425499904358,defect_broken,insulator_ok,0.3661413221181298,1.0,second_best,0.38,0.4826425499904358,0.15121612789143432,0.3661413221181298
val_img2_pred18,insulator_ok,0.546458843761509,insulator_ok,defect_broken,0.3348131527352767,1.0,second_best,0.38,0.3348131527352767,0.1187280035032143,0.546458843761509
val_img2_pred19,defect_broken,0.4425941357961563,defect_broken,insulator_ok,0.29001921694205013,1.0,second_best,0.38,0.4425941357961563,0.26738664726179356,0.29001921694205013
val_img2_pred20,defect_broken,0.4430938250479921,defect_broken,insulator_ok,0.4252595849065253,1.0,second_best,0.38,0.4430938250479921,0.13164659004548263,0.4252595849065253
val_img2_pred21,insulator_ok,0.5126916661213216,insulator_ok,defect_broken,0.3639156946066639,1.0,second_best,0.38,0.3639156946066639,0.12339263927201449,0.5126916661213216
val_img2_pred22,defect_broken,0.5212494861033576,defect_broken,insulator_ok,0.32139040602381586,1.0,second_best,0.38,0.5212494861033576,0.15736010787282645,0.32139040602381586
val_img2_pred23,defect_broken,0.5027282856068586,defect_broken,insulator_ok,0.3176531441574196,1.0,second_best,0.38,0.5027282856068586,0.17961857023572195,0.3176531441574196
val_img2_pred24,insulator_ok,0.5490101222412332,insulator_ok,defect_broken,0.37495530829386914,1.0,second_best,0.38,0.37495530829386914,0.07603456946489762,0.5490101222412332
val_img3_pred1,defect_flashover,0.39077828639984025,defect_flashover,insulator_ok,0.3888576529729607,1.0,second_best,0.38,0.22036406062719902,0.39077828639984025,0.3888576529729607
val_img3_pred2,defect_flashover,0.4085096916685194,defect_flashover,insulator_ok,0.3173039153626417,1.0,second_best,0.38,0.2741863929688389,0.4085096916685194,0.3173039153626417
val_img3_pred3,insulator_ok,0.39724694815307515,insulator_ok,defect_flashover,0.38198664576295077,1.0,second_best,0.38,0.2207664060839741,0.38198664576295077,0.39724694815307515
val_img3_pred4,defect_flashover,0.451538843641753,defect_flashover,insulator_ok,0.3757616670706408,1.0,second_best,0.38,0.17269948928760628,0.451538843641753,0.3757616670706408
val_img3_pred5,insulator_ok,0.4113791969863765,insulator_ok,defect_flashover,0.32118728028708354,1.0,second_best,0.38,0.26743352272654,0.32118728028708354,0.4113791969863765
val_img3_pred6,insulator_ok,0.4297759231917728,insulator_ok,defect_flashover,0.33677744531328097,1.0,second_best,0.38,0.23344663149494624,0.33677744531328097,0.4297759231917728
val_img3_pred7,insulator_ok,0.37540756666551456,defect_flashover,insulator_ok,0.345490743401667,1.0,second_best,0.38,0.2791016899328185,0.37540756666551456,0.345490743401667
val_img3_pred8,insulator_ok,0.42764837534056577,insulator_ok,defect_flashover,0.31452707241740263,1.0,second_best,0.38,0.25782455224203166,0.31452707241740263,0.42764837534056577
val_img3_pred9,insulator_ok,0.4326773669549975,insulator_ok,defect_broken,0.2924123137281248,1.0,second_best,0.38,0.2924123137281248,0.2749103193168777,0.4326773669549975
val_img3_pred10,defect_flashover,0.4618358605224038,defect_flashover,insulator_ok,0.36943654111530233,1.0,second_best,0.38,0.16872759836229398,0.4618358605224038,0.36943654111530233
val_img3_pred11,insulator_ok,0.42450759377547387,insulator_ok,defect_flashover,0.3429272798706786,1.0,second_best,0.38,0.2325651263538475,0.3429272798706786,0.42450759377547387
val_img3_pred12,insulator_ok,0.38463979714960916,insulator_ok,defect_flashover,0.3377002551404919,1.0,second_best,0.38,0.27765994770989894,0.3377002551404919,0.38463979714960916
val_img3_pred13,insulator_ok,0.4077580352346871,insulator_ok,defect_flashover,0.3693600062210989,1.0,second_best,0.38,0.22288195854421394,0.3693600062210989,0.4077580352346871
val_img3_pred14,defect_flashover,0.4263881001878193,defect_flashover,insulator_ok,0.40090390421100036,1.0,second_best,0.38,0.17270799560118041,0.4263881001878193,0.40090390421100036
val_img3_pred15,insulator_ok,0.40258328867713583,insulator_ok,defect_flashover,0.38929715657769604,1.0,second_best,0.38,0.20811955474516808,0.38929715657769604,0.40258328867713583
val_img3_pred16,defect_flashover,0.43145816995798075,defect_flashover,insulator_ok,0.3939673935947828,1.0,second_best,0.38,0.17457443644723641,0.43145816995798075,0.3939673935947828
val_img3_pred17,insulator_ok,0.424794763792457,insulator_ok,defect_broken,0.29802973667089677,1.0,second_best,0.38,0.29802973667089677,0.27717549953664616,0.424794763792457
val_img3_pred18,insulator_ok,0.45197908732074443,insulator_ok,defect_broken,0.31736254806471814,1.0,second_best,0.38,0.31736254806471814,0.23065836461453748,0.45197908732074443
val_img3_pred19,insulator_ok,0.4187543001805923,insulator_ok,defect_flashover,0.3122227479019064,1.0,second_best,0.38,0.2690229519175012,0.3122227479019064,0.4187543001805923
val_img4_pred1,insulator_ok,0.39658208067438894,insulator_ok,defect_flashover,0.3061423133171712,1.0,second_best,0.38,0.29727560600843994,0.3061423133171712,0.39658208067438894
val_img4_pred2,insulator_ok,0.3620477524578279,insulator_ok,defect_flashover,0.3265641028533905,1.0,second_best,0.38,0.3113881446887815,0.3265641028533905,0.3620477524578279
val_img4_pred3,defect_flashover,0.48245638961682114,defect_flashover,insulator_ok,0.28657754479097586,1.0,second_best,0.38,0.23096606559220295,0.48245638961682114,0.28657754479097586
val_img4_pred4,insulator_ok,0.3796455023389566,insulator_ok,defect_flashover,0.31261155508276744,1.0,second_best,0.38,0.3077429425782759,0.31261155508276744,0.3796455023389566
val_img4_pred5,insulator_ok,0.4043260228891484,insulator_ok,defect_broken,0.30111934515363015,1.0,second_best,0.38,0.30111934515363015,0.2945546319572215,0.4043260228891484
val_img4_pred6,insulator_ok,0.3964303945505624,insulator_ok,defect_broken,0.3193572937317604,1.0,second_best,0.38,0.3193572937317604,0.28421231171767714,0.3964303945505624
val_img5_pred1,defect_flashover,0.4502997205342777,defect_flashover,insulator_ok,0.3241292176104352,1.0,second_best,0.38,0.2255710618552871,0.4502997205342777,0.3241292176104352
val_img5_pred2,defect_flashover,0.6818886090374678,defect_flashover,defect_broken,0.1852152410979182,1.0,second_best,0.38,0.1852152410979182,0.6818886090374678,0.1328961498646139
val_img5_pred3,defect_flashover,0.4172856486860206,defect_flashover,insulator_ok,0.41102204798006403,1.0,second_best,0.38,0.17169230333391533,0.4172856486860206,0.41102204798006403
val_img5_pred4,insulator_ok,0.42268790876093454,insulator_ok,defect_flashover,0.40659807935299763,1.0,second_best,0.38,0.17071401188606783,0.40659807935299763,0.42268790876093454
val_img5_pred5,defect_flashover,0.5053789580591749,defect_flashover,insulator_ok,0.3579174180203692,1.0,second_best,0.38,0.13670362392045599,0.5053789580591749,0.3579174180203692
val_img5_pred6,defect_flashover,0.45783543624690565,defect_flashover,insulator_ok,0.397460263251618,1.0,second_best,0.38,0.14470430050147648,0.45783543624690565,0.397460263251618
val_img5_pred7,insulator_ok,0.4265182166366948,insulator_ok,defect_flashover,0.42052977751218007,1.0,second_best,0.38,0.15295200585112512,0.42052977751218007,0.4265182166366948
val_img5_pred8,defect_flashover,0.40312593904344757,defect_flashover,insulator_ok,0.3731255048760413,1.0,second_best,0.38,0.22374855608051114,0.40312593904344757,0.3731255048760413
val_img5_pred9,defect_flashover,0.568978784414613,defect_flashover,insulator_ok,0.285191241881697,1.0,second_best,0.38,0.1458299737036899,0.568978784414613,0.285191241881697
val_img5_pred10,defect_flashover,0.46587997664532904,defect_flashover,insulator_ok,0.4019568158368816,1.0,second_best,0.38,0.1321632075177895,0.46587997664532904,0.4019568158368816
val_img5_pred11,defect_flashover,0.5903195828359535,defect_flashover,insulator_ok,0.2682765377087792,1.0,second_best,0.38,0.1414038794552672,0.5903195828359535,0.2682765377087792
val_img5_pred12,defect_flashover,0.7144093666218292,defect_flashover,defect_broken,0.18431847027520376,1.0,second_best,0.38,0.18431847027520376,0.7144093666218292,0.10127216310296717
val_img5_pred13,defect_flashover,0.558796747518009,defect_flashover,insulator_ok,0.3059058828983318,1.0,second_best,0.38,0.13529736958365915,0.558796747518009,0.3059058828983318
val_img5_pred14,defect_flashover,0.5686831010482969,defect_flashover,insulator_ok,0.21949863740511127,1.0,second_best,0.38,0.21181826154659186,0.5686831010482969,0.21949863740511127
val_img5_pred15,defect_flashover,0.4285326437365731,defect_flashover,insulator_ok,0.4119652826110461,1.0,second_best,0.38,0.15950207365238064,0.4285326437365731,0.4119652826110461
val_img6_pred1,defect_flashover,0.6152145709789436,defect_flashover,insulator_ok,0.2614218525329268,1.0,second_best,0.38,0.12336357648812955,0.6152145709789436,0.2614218525329268
val_img6_pred2,defect_flashover,0.6421978764749737,defect_flashover,insulator_ok,0.2531477695099595,1.0,second_best,0.38,0.10465435401506684,0.6421978764749737,0.2531477695099595
val_img6_pred3,defect_flashover,0.6713185497186355,defect_flashover,insulator_ok,0.22049901458086732,1.0,second_best,0.38,0.10818243570049722,0.6713185497186355,0.22049901458086732
val_img6_pred4,defect_flashover,0.5652368516451597,defect_flashover,insulator_ok,0.25015382665867053,1.0,second_best,0.38,0.18460932169616967,0.5652368516451597,0.25015382665867053
val_img6_pred5,defect_flashover,0.5262000213954515,defect_flashover,insulator_ok,0.3778294055132235,1.0,second_best,0.38,0.09597057309132488,0.5262000213954515,0.3778294055132235
val_img6_pred6,defect_flashover,0.42215733813826917,defect_flashover,insulator_ok,0.30783504355280306,1.0,second_best,0.38,0.27000761830892783,0.42215733813826917,0.30783504355280306
val_img6_pred7,defect_flashover,0.6021977138132713,defect_flashover,insulator_ok,0.27504927896934855,1.0,second_best,0.38,0.1227530072173802,0.6021977138132713,0.27504927896934855
val_img6_pred8,defect_flashover,0.594699175949909,defect_flashover,insulator_ok,0.28359798479984033,1.0,second_best,0.38,0.12170283925025067,0.594699175949909,0.28359798479984033
val_img6_pred9,defect_flashover,0.5937196788390262,defect_flashover,insulator_ok,0.2836108850042024,1.0,second_best,0.38,0.12266943615677141,0.5937196788390262,0.2836108850042024
val_img6_pred10,defect_flashover,0.548747456769211,defect_flashover,insulator_ok,0.354014940747547,1.0,second_best,0.38,0.09723760248324201,0.548747456769211,0.354014940747547
val_img6_pred11,defect_flashover,0.5651128217384992,defect_flashover,insulator_ok,0.316832104312843,1.0,second_best,0.38,0.11805507394865786,0.5651128217384992,0.316832104312843
val_img6_pred12,defect_flashover,0.6043114461598892,defect_flashover,insulator_ok,0.20341644743497134,1.0,second_best,0.38,0.19227210640513936,0.6043114461598892,0.20341644743497134
val_img6_pred13,defect_flashover,0.5831141721923613,defect_flashover,insulator_ok,0.3120455248282561,1.0,second_best,0.38,0.1048403029793826,0.5831141721923613,0.3120455248282561
val_img6_pred14,defect_flashover,0.6569983153701777,defect_flashover,insulator_ok,0.22400387434777516,1.0,second_best,0.38,0.11899781028204706,0.6569983153701777,0.22400387434777516
val_img6_pred15,defect_flashover,0.5282656523383782,defect_flashover,defect_broken,0.24878933691637808,1.0,second_best,0.38,0.24878933691637808,0.5282656523383782,0.2229450107452437
val_img6_pred16,defect_flashover,0.5948220481175162,defect_flashover,insulator_ok,0.29233009707743657,1.0,second_best,0.38,0.11284785480504718,0.5948220481175162,0.29233009707743657
val_img6_pred17,defect_flashover,0.4646216253232923,defect_flashover,insulator_ok,0.42494754828775394,1.0,second_best,0.38,0.11043082638895375,0.4646216253232923,0.42494754828775394
val_img6_pred18,defect_flashover,0.5718378128567118,defect_flashover,insulator_ok,0.31489142286967686,1.0,second_best,0.38,0.11327076427361137,0.5718378128567118,0.31489142286967686
val_img6_pred19,defect_flashover,0.46189008008525206,defect_flashover,insulator_ok,0.33729535377528147,1.0,second_best,0.38,0.20081456613946647,0.46189008008525206,0.33729535377528147
val_img6_pred20,defect_flashover,0.6528010564738853,defect_flashover,insulator_ok,0.23564482953197147,1.0,second_best,0.38,0.11155411399414333,0.6528010564738853,0.23564482953197147
val_img6_pred21,defect_flashover,0.5456671687327699,defect_flashover,insulator_ok,0.35712857321872604,1.0,second_best,0.38,0.0972042580485042,0.5456671687327699,0.35712857321872604
val_img6_pred22,defect_flashover,0.584624442338702,defect_flashover,insulator_ok,0.2886426835035868,1.0,second_best,0.38,0.12673287415771117,0.584624442338702,0.2886426835035868
val_img6_pred23,defect_flashover,0.5570135780118596,defect_flashover,insulator_ok,0.3212506628909954,1.0,second_best,0.38,0.12173575909714511,0.5570135780118596,0.3212506628909954
val_img6_pred24,defect_flashover,0.5833162178454877,defect_flashover,insulator_ok,0.298682999631797,1.0,second_best,0.38,0.1180007825227153,0.5833162178454877,0.298682999631797
val_img6_pred25,defect_flashover,0.5696492243062267,defect_flashover,insulator_ok,0.30257027083511556,1.0,second_best,0.38,0.12778050485865783,0.5696492243062267,0.30257027083511556
val_img6_pred26,defect_flashover,0.471701525088955,defect_flashover,insulator_ok,0.3472271657368455,1.0,second_best,0.38,0.1810713091741996,0.471701525088955,0.3472271657368455
val_img6_pred27,defect_flashover,0.5763529462019916,defect_flashover,insulator_ok,0.28762109255854257,1.0,second_best,0.38,0.13602596123946573,0.5763529462019916,0.28762109255854257
val_img6_pred28,defect_flashover,0.4269242637120982,defect_flashover,insulator_ok,0.37314851687867506,1.0,second_best,0.38,0.19992721940922678,0.4269242637120982,0.37314851687867506
val_img6_pred29,insulator_ok,0.4441894388813381,insulator_ok,defect_flashover,0.4155997296657329,1.0,second_best,0.38,0.14021083145292912,0.4155997296657329,0.4441894388813381
val_img6_pred30,defect_flashover,0.5728431000578073,defect_flashover,insulator_ok,0.30754416892244674,1.0,second_best,0.38,0.11961273101974598,0.5728431000578073,0.30754416892244674
val_img6_pred31,defect_flashover,0.48200775311452476,defect_flashover,insulator_ok,0.40715422005838336,1.0,second_best,0.38,0.11083802682709173,0.48200775311452476,0.40715422005838336
val_img6_pred32,defect_flashover,0.5720881247889252,defect_flashover,insulator_ok,0.28800567296653773,1.0,second_best,0.38,0.13990620224453706,0.5720881247889252,0.28800567296653773
val_img6_pred33,defect_flashover,0.6348543988211367,defect_flashover,insulator_ok,0.24381554306104267,1.0,second_best,0.38,0.12133005811782067,0.6348543988211367,0.24381554306104267
val_img6_pred34,defect_flashover,0.47457214174375495,defect_flashover,insulator_ok,0.33170036660500873,1.0,second_best,0.38,0.19372749165123632,0.47457214174375495,0.33170036660500873
val_img6_pred35,insulator_ok,0.4046237752023163,insulator_ok,defect_flashover,0.3724531872821276,1.0,second_best,0.38,0.22292303751555614,0.3724531872821276,0.4046237752023163
val_img6_pred36,defect_flashover,0.5059623919704431,defect_flashover,insulator_ok,0.39254512188712154,1.0,second_best,0.38,0.1014924861424354,0.5059623919704431,0.39254512188712154
val_img6_pred37,insulator_ok,0.4139335631624504,insulator_ok,defect_flashover,0.4125663889494291,1.0,second_best,0.38,0.17350004788812046,0.4125663889494291,0.4139335631624504
val_img6_pred38,insulator_ok,0.4424567638570294,insulator_ok,defect_flashover,0.3774121183323483,1.0,second_best,0.38,0.18013111781062235,0.3774121183323483,0.4424567638570294
val_img6_pred39,defect_flashover,0.5317104662606701,defect_flashover,insulator_ok,0.30298889936974793,1.0,second_best,0.38,0.1653006343695819,0.5317104662606701,0.30298889936974793
val_img6_pred40,defect_flashover,0.5014199201754415,defect_flashover,insulator_ok,0.33795500750828017,1.0,second_best,0.38,0.1606250723162783,0.5014199201754415,0.33795500750828017
val_img6_pred41,defect_flashover,0.5496528398713428,defect_flashover,insulator_ok,0.3572327070424657,1.0,second_best,0.38,0.09311445308619141,0.5496528398713428,0.3572327070424657
val_img6_pred42,defect_flashover,0.5603401396087989,defect_flashover,insulator_ok,0.3075440255279946,1.0,second_best,0.38,0.13211583486320658,0.5603401396087989,0.3075440255279946
val_img6_pred43,defect_flashover,0.5014848942432201,defect_flashover,insulator_ok,0.3242609717780429,1.0,second_best,0.38,0.17425413397873696,0.5014848942432201,0.3242609717780429
val_img6_pred44,defect_flashover,0.4731621371443,defect_flashover,insulator_ok,0.35394297201136266,1.0,second_best,0.38,0.17289489084433737,0.4731621371443,0.35394297201136266
val_img6_pred45,defect_flashover,0.4485717124915746,defect_flashover,insulator_ok,0.3785226345448421,1.0,second_best,0.38,0.17290565296358323,0.4485717124915746,0.3785226345448421
val_img6_pred46,defect_flashover,0.6104446565116775,defect_flashover,insulator_ok,0.2762254462600769,1.0,second_best,0.38,0.11332989722824562,0.6104446565116775,0.2762254462600769
val_img7_pred1,insulator_ok,0.7023344607137377,insulator_ok,defect_broken,0.16820499852797013,1.0,second_best,0.38,0.16820499852797013,0.129460540758292,0.7023344607137377
val_img7_pred2,defect_broken,0.4646939246941707,defect_broken,insulator_ok,0.3835820266146801,1.0,second_best,0.38,0.4646939246941707,0.1517240486911491,0.3835820266146801
val_img7_pred3,insulator_ok,0.6285527438204687,insulator_ok,defect_broken,0.23335330487786432,1.0,second_best,0.38,0.23335330487786432,0.13809395130166713,0.6285527438204687
val_img7_pred4,insulator_ok,0.6420105411651336,insulator_ok,defect_broken,0.21259464046655036,1.0,second_best,0.38,0.21259464046655036,0.14539481836831616,0.6420105411651336
val_img7_pred5,defect_broken,0.41140757195827543,defect_broken,defect_flashover,0.3174989746894248,1.0,second_best,0.38,0.41140757195827543,0.3174989746894248,0.27109345335229973
val_img7_pred6,defect_broken,0.42491247972820156,defect_broken,defect_flashover,0.3418611386768034,1.0,second_best,0.38,0.42491247972820156,0.3418611386768034,0.23322638159499504
val_img7_pred7,insulator_ok,0.46142410549483587,insulator_ok,defect_broken,0.3798985759498337,1.0,second_best,0.38,0.3798985759498337,0.15867731855533054,0.46142410549483587
val_img7_pred8,defect_broken,0.4220109303979139,defect_broken,defect_flashover,0.36868380094285563,1.0,second_best,0.38,0.4220109303979139,0.36868380094285563,0.20930526865923058
val_img7_pred9,insulator_ok,0.3929628142071132,insulator_ok,defect_broken,0.374471758129388,1.0,second_best,0.38,0.374471758129388,0.2325654276634989,0.3929628142071132
val_img7_pred10,defect_broken,0.41179946283442587,defect_broken,insulator_ok,0.39399794466391336,1.0,second_best,0.38,0.41179946283442587,0.19420259250166091,0.39399794466391336
val_img7_pred11,insulator_ok,0.6140652792589945,insulator_ok,defect_broken,0.24572009728570884,1.0,second_best,0.38,0.24572009728570884,0.14021462345529664,0.6140652792589945
val_img7_pred12,insulator_ok,0.43234725410685915,insulator_ok,defect_broken,0.39054829822684123,1.0,second_best,0.38,0.39054829822684123,0.17710444766629962,0.43234725410685915
val_img7_pred13,insulator_ok,0.6720722706904041,insulator_ok,defect_broken,0.19818202833823326,1.0,second_best,0.38,0.19818202833823326,0.1297457009713626,0.6720722706904041
val_img7_pred14,insulator_ok,0.6778662215794375,insulator_ok,defect_broken,0.19835464498983724,1.0,second_best,0.38,0.19835464498983724,0.12377913343072519,0.6778662215794375
val_img7_pred15,defect_broken,0.44539202573911507,defect_broken,insulator_ok,0.40943494766599553,1.0,second_best,0.38,0.44539202573911507,0.14517302659488934,0.40943494766599553
val_img8_pred1,defect_flashover,0.6605647908019158,defect_flashover,insulator_ok,0.1862409441246733,1.0,second_best,0.38,0.1531942650734109,0.6605647908019158,0.1862409441246733
val_img8_pred2,defect_flashover,0.393044417134593,defect_flashover,insulator_ok,0.3807511291589728,1.0,second_best,0.38,0.2262044537064343,0.393044417134593,0.3807511291589728
val_img8_pred3,defect_flashover,0.4269172102888929,defect_flashover,insulator_ok,0.3802614387783553,1.0,second_best,0.38,0.1928213509327518,0.4269172102888929,0.3802614387783553
val_img8_pred4,insulator_ok,0.464174592105355,insulator_ok,defect_flashover,0.3388892474601572,1.0,second_best,0.38,0.19693616043448786,0.3388892474601572,0.464174592105355
val_img8_pred5,defect_flashover,0.45574972161178434,defect_flashover,insulator_ok,0.3878786357840508,1.0,second_best,0.38,0.15637164260416483,0.45574972161178434,0.3878786357840508
val_img8_pred6,defect_flashover,0.4872264342492836,defect_flashover,insulator_ok,0.35155531620308367,1.0,second_best,0.38,0.1612182495476326,0.4872264342492836,0.35155531620308367
val_img8_pred7,defect_flashover,0.5657448029648908,defect_flashover,insulator_ok,0.29436970595834167,1.0,second_best,0.38,0.1398854910767675,0.5657448029648908,0.29436970595834167
val_img8_pred8,defect_flashover,0.5192091527929661,defect_flashover,insulator_ok,0.3214216117894413,1.0,second_best,0.38,0.15936923541759274,0.5192091527929661,0.3214216117894413
val_img8_pred9,defect_flashover,0.4027042419389887,defect_flashover,insulator_ok,0.36634193742194016,1.0,second_best,0.38,0.23095382063907122,0.4027042419389887,0.36634193742194016
val_img8_pred10,defect_flashover,0.4298766138783448,defect_flashover,insulator_ok,0.37779537117268575,1.0,second_best,0.38,0.19232801494896953,0.4298766138783448,0.37779537117268575
val_img8_pred11,insulator_ok,0.4507040979345405,insulator_ok,defect_flashover,0.37647228711004643,1.0,second_best,0.38,0.17282361495541296,0.37647228711004643,0.4507040979345405
val_img8_pred12,defect_flashover,0.4989946159267909,defect_flashover,insulator_ok,0.34406366913526093,1.0,second_best,0.38,0.15694171493794812,0.4989946159267909,0.34406366913526093
val_img8_pred13,defect_flashover,0.4056317337867619,defect_flashover,insulator_ok,0.3790492445665962,1.0,second_best,0.38,0.21531902164664182,0.4056317337867619,0.3790492445665962
val_img8_pred14,defect_flashover,0.4907769899611343,defect_flashover,insulator_ok,0.34835696992829535,1.0,second_best,0.38,0.16086604011057046,0.4907769899611343,0.34835696992829535
val_img8_pred15,defect_flashover,0.5113509755741805,defect_flashover,insulator_ok,0.3314185291948523,1.0,second_best,0.38,0.1572304952309672,0.5113509755741805,0.3314185291948523
val_img8_pred16,defect_flashover,0.5539632922728019,defect_flashover,defect_broken,0.2288709414492213,1.0,second_best,0.38,0.2288709414492213,0.5539632922728019,0.21716576627797676
val_img8_pred17,defect_flashover,0.5561743961953275,defect_flashover,defect_broken,0.22231578674363434,1.0,second_best,0.38,0.22231578674363434,0.5561743961953275,0.22150981706103812
val_img8_pred18,defect_flashover,0.5276462102993524,defect_flashover,insulator_ok,0.25828611505653315,1.0,second_best,0.38,0.21406767464411433,0.5276462102993524,0.25828611505653315
val_img8_pred19,defect_flashover,0.6116275160034972,defect_flashover,insulator_ok,0.22169213822036096,1.0,second_best,0.38,0.16668034577614196,0.6116275160034972,0.22169213822036096
val_img8_pred20,defect_flashover,0.4824495813115817,defect_flashover,insulator_ok,0.34465920783748694,1.0,second_best,0.38,0.17289121085093134,0.4824495813115817,0.34465920783748694
val_img8_pred21,defect_flashover,0.40198472548236774,defect_flashover,insulator_ok,0.38856236904558605,1.0,second_best,0.38,0.20945290547204623,0.40198472548236774,0.38856236904558605
val_img8_pred22,defect_flashover,0.5382038076484142,defect_flashover,insulator_ok,0.2917571284547657,1.0,second_best,0.38,0.1700390638968201,0.5382038076484142,0.2917571284547657
val_img8_pred23,defect_flashover,0.4948052346952759,defect_flashover,insulator_ok,0.32519900055395395,1.0,second_best,0.38,0.1799957647507701,0.4948052346952759,0.32519900055395395
val_img8_pred24,defect_flashover,0.5185176096862748,defect_flashover,insulator_ok,0.2932567956504502,1.0,second_best,0.38,0.18822559466327496,0.5185176096862748,0.2932567956504502
val_img8_pred25,defect_flashover,0.46682744663050296,defect_flashover,insulator_ok,0.300854850261383,1.0,second_best,0.38,0.23231770310811414,0.46682744663050296,0.300854850261383
val_img8_pred26,defect_flashover,0.5290835493788615,defect_flashover,insulator_ok,0.3026248066202889,1.0,second_best,0.38,0.16829164400084964,0.5290835493788615,0.3026248066202889
val_img8_pred27,insulator_ok,0.405328533094897,insulator_ok,defect_flashover,0.4011494804013463,1.0,second_best,0.38,0.19352198650375665,0.4011494804013463,0.405328533094897
val_img8_pred28,defect_flashover,0.508711538217824,defect_flashover,insulator_ok,0.34899578868090814,1.0,second_best,0.38,0.14229267310126795,0.508711538217824,0.34899578868090814
val_img8_pred29,defect_flashover,0.5323382726527796,defect_flashover,insulator_ok,0.28851685136574506,1.0,second_best,0.38,0.17914487598147533,0.5323382726527796,0.28851685136574506
val_img8_pred30,defect_flashover,0.4677920728147258,defect_flashover,insulator_ok,0.3047083630226519,1.0,second_best,0.38,0.22749956416262235,0.4677920728147258,0.3047083630226519
val_img8_pred31,defect_flashover,0.5307913969107724,defect_flashover,defect_broken,0.24063509313445602,1.0,second_best,0.38,0.24063509313445602,0.5307913969107724,0.22857350995477158
val_img8_pred32,defect_flashover,0.4869311486625811,defect_flashover,insulator_ok,0.2950992456689691,1.0,second_best,0.38,0.21796960566844975,0.4869311486625811,0.2950992456689691
val_img8_pred33,defect_flashover,0.4654532542779225,defect_flashover,insulator_ok,0.3427790086837946,1.0,second_best,0.38,0.19176773703828298,0.4654532542779225,0.3427790086837946
val_img8_pred34,insulator_ok,0.47794280816788826,insulator_ok,defect_flashover,0.3062640502748691,1.0,second_best,0.38,0.21579314155724258,0.3062640502748691,0.47794280816788826
val_img8_pred35,defect_flashover,0.4745005964283825,defect_flashover,insulator_ok,0.3053049199764295,1.0,second_best,0.38,0.22019448359518806,0.4745005964283825,0.3053049199764295
val_img8_pred36,defect_flashover,0.5200911467932414,defect_flashover,insulator_ok,0.3281002874376321,1.0,second_best,0.38,0.15180856576912646,0.5200911467932414,0.3281002874376321
val_img8_pred37,defect_flashover,0.5262666746540504,defect_flashover,insulator_ok,0.26157368903976,1.0,second_best,0.38,0.21215963630618945,0.5262666746540504,0.26157368903976
val_img8_pred38,defect_flashover,0.44102075574853444,defect_flashover,insulator_ok,0.37769909186294204,1.0,second_best,0.38,0.18128015238852344,0.44102075574853444,0.37769909186294204
val_img8_pred39,defect_flashover,0.406372044299741,defect_flashover,insulator_ok,0.375436244245942,1.0,second_best,0.38,0.21819171145431712,0.406372044299741,0.375436244245942
val_img8_pred40,insulator_ok,0.39880988093103725,insulator_ok,defect_flashover,0.39549799901103744,1.0,second_best,0.38,0.20569212005792528,0.39549799901103744,0.39880988093103725
val_img8_pred41,defect_flashover,0.4488174167634528,defect_flashover,insulator_ok,0.36814024374533516,1.0,second_best,0.38,0.18304233949121199,0.4488174167634528,0.36814024374533516
val_img8_pred42,defect_flashover,0.5632346526172936,defect_flashover,insulator_ok,0.2879991518116207,1.0,second_best,0.38,0.1487661955710858,0.5632346526172936,0.2879991518116207
val_img8_pred43,defect_flashover,0.4178892460784439,defect_flashover,insulator_ok,0.375888646782277,1.0,second_best,0.38,0.20622210713927908,0.4178892460784439,0.375888646782277
val_img8_pred44,insulator_ok,0.43783815809276844,insulator_ok,defect_flashover,0.3709358717547786,1.0,second_best,0.38,0.19122597015245282,0.3709358717547786,0.43783815809276844
val_img8_pred45,insulator_ok,0.4489533116317912,insulator_ok,defect_flashover,0.4004980070110557,1.0,second_best,0.38,0.15054868135715305,0.4004980070110557,0.4489533116317912
val_img8_pred46,defect_flashover,0.5204509226182243,defect_flashover,insulator_ok,0.28748534154188893,1.0,second_best,0.38,0.19206373583988662,0.5204509226182243,0.28748534154188893
val_img8_pred47,defect_flashover,0.4195087755518991,defect_flashover,insulator_ok,0.3795843854310843,1.0,second_best,0.38,0.20090683901701664,0.4195087755518991,0.3795843854310843
val_img8_pred48,defect_flashover,0.48233243089917877,defect_flashover,insulator_ok,0.2929943163262113,1.0,second_best,0.38,0.22467325277460995,0.48233243089917877,0.2929943163262113
val_img8_pred49,defect_flashover,0.4741157241229764,defect_flashover,insulator_ok,0.3568697219782107,1.0,second_best,0.38,0.16901455389881279,0.4741157241229764,0.3568697219782107
val_img8_pred50,defect_flashover,0.4151782861055037,defect_flashover,insulator_ok,0.4059582864205083,1.0,second_best,0.38,0.17886342747398792,0.4151782861055037,0.4059582864205083
val_img8_pred51,insulator_ok,0.44288734376459965,insulator_ok,defect_flashover,0.33920902415652854,1.0,second_best,0.38,0.21790363207887187,0.33920902415652854,0.44288734376459965
val_img8_pred52,defect_flashover,0.48038110570881115,defect_flashover,insulator_ok,0.3139665009767306,1.0,second_best,0.38,0.20565239331445825,0.48038110570881115,0.3139665009767306
val_img8_pred53,insulator_ok,0.47090226061213103,insulator_ok,defect_flashover,0.30650643780374676,1.0,second_best,0.38,0.2225913015841222,0.30650643780374676,0.47090226061213103
val_img8_pred54,defect_flashover,0.47694454948293297,defect_flashover,insulator_ok,0.3042617720619195,1.0,second_best,0.38,0.2187936784551474,0.47694454948293297,0.3042617720619195
val_img8_pred55,defect_flashover,0.5382625072930084,defect_flashover,insulator_ok,0.2812868768986726,1.0,second_best,0.38,0.18045061580831898,0.5382625072930084,0.2812868768986726
val_img8_pred56,defect_flashover,0.4055369280014041,defect_flashover,insulator_ok,0.35431847339627676,1.0,second_best,0.38,0.24014459860231915,0.4055369280014041,0.35431847339627676
val_img8_pred57,insulator_ok,0.4504295001478338,insulator_ok,defect_flashover,0.3647299167013993,1.0,second_best,0.38,0.18484058315076676,0.3647299167013993,0.4504295001478338
val_img8_pred58,defect_flashover,0.424345307986983,defect_flashover,insulator_ok,0.37101165203491027,1.0,second_best,0.38,0.2046430399781068,0.424345307986983,0.37101165203491027
val_img8_pred59,insulator_ok,0.44619276593928553,insulator_ok,defect_flashover,0.3454713113597572,1.0,second_best,0.38,0.20833592270095727,0.3454713113597572,0.44619276593928553
val_img8_pred60,defect_flashover,0.4151920068056736,defect_flashover,insulator_ok,0.4039288169787876,1.0,second_best,0.38,0.1808791762155389,0.4151920068056736,0.4039288169787876
val_img8_pred61,insulator_ok,0.46296858936304525,insulator_ok,defect_flashover,0.3380916966609592,1.0,second_best,0.38,0.1989397139759956,0.3380916966609592,0.46296858936304525
val_img8_pred62,defect_flashover,0.5562616497271192,defect_flashover,insulator_ok,0.23622124328265118,1.0,second_best,0.38,0.20751710699022952,0.5562616497271192,0.23622124328265118
val_img8_pred63,defect_flashover,0.4708259288681016,defect_flashover,insulator_ok,0.3555185880847851,1.0,second_best,0.38,0.17365548304711337,0.4708259288681016,0.3555185880847851
val_img8_pred64,defect_flashover,0.5265549295107325,defect_flashover,insulator_ok,0.2911086258671507,1.0,second_best,0.38,0.18233644462211696,0.5265549295107325,0.2911086258671507
val_img8_pred65,defect_flashover,0.514699246620316,defect_flashover,defect_broken,0.2968048128682738,1.0,second_best,0.38,0.2968048128682738,0.514699246620316,0.18849594051141022
val_img8_pred66,defect_flashover,0.4505949586051171,defect_flashover,insulator_ok,0.3703037853065542,1.0,second_best,0.38,0.1791012560883286,0.4505949586051171,0.3703037853065542
val_img8_pred67,defect_flashover,0.4604117291134151,defect_flashover,insulator_ok,0.322475197896603,1.0,second_best,0.38,0.21711307298998195,0.4604117291134151,0.322475197896603
val_img8_pred68,insulator_ok,0.4166904687841541,insulator_ok,defect_flashover,0.4087778215927401,1.0,second_best,0.38,0.17453170962310577,0.4087778215927401,0.4166904687841541
val_img8_pred69,defect_flashover,0.6109326796203662,defect_flashover,insulator_ok,0.22114081818264425,1.0,second_best,0.38,0.1679265021969895,0.6109326796203662,0.22114081818264425
val_img8_pred70,defect_flashover,0.5482121027843161,defect_flashover,insulator_ok,0.24109524481682024,1.0,second_best,0.38,0.2106926523988636,0.5482121027843161,0.24109524481682024
val_img8_pred71,defect_flashover,0.4295771329950471,defect_flashover,insulator_ok,0.425412193275166,1.0,second_best,0.38,0.14501067372978688,0.4295771329950471,0.425412193275166
val_img8_pred72,defect_flashover,0.5382904487126232,defect_flashover,insulator_ok,0.2761600736038046,1.0,second_best,0.38,0.18554947768357208,0.5382904487126232,0.2761600736038046
val_img8_pred73,insulator_ok,0.43914003316704747,insulator_ok,defect_flashover,0.3839877225741641,1.0,second_best,0.38,0.17687224425878853,0.3839877225741641,0.43914003316704747
